name,naif_id
SOLAR_SYSTEM_BARYCENTER,0
SSB,0
SOLAR SYSTEM BARYCENTER,0
MERCURY_BARYCENTER,1
MERCURY BARYCENTER,1
VENUS_BARYCENTER,2
VENUS BARYCENTER,2
EARTH_BARYCENTER,3
EMB,3
EARTH MOON BARYCENTER,3
EARTH-MOON BARYCENTER,3
EARTH BARYCENTER,3
MARS_BARYCENTER,4
MARS BARYCENTER,4
JUPITER_BARYCENTER,5
JUPITER BARYCENTER,5
SATURN_BARYCENTER,6
SATURN BARYCENTER,6
URANUS_BARYCENTER,7
URANUS BARYCENTER,7
NEPTUNE_BARYCENTER,8
NEPTUNE BARYCENTER,8
PLUTO_BARYCENTER,9
PLUTO BARYCENTER,9
SUN,10
MERCURY,199
VENUS,299
EARTH,399
MOON,301
MARS,499
PHOBOS,401
DEIMOS,402
JUPITER,599
IO,501
EUROPA,502
GANYMEDE,503
CALLISTO,504
AMALTHEA,505
HIMALIA,506
ELARA,507
PASIPHAE,508
SINOPE,509
LYSITHEA,510
CARME,511
ANANKE,512
LEDA,513
THEBE,514
ADRASTEA,515
METIS,516
CALLIRRHOE,517
THEMISTO,518
MEGACLITE,519
TAYGETE,520
CHALDENE,521
HARPALYKE,522
KALYKE,523
IOCASTE,524
ERINOME,525
ISONOE,526
PRAXIDIKE,527
AUTONOE,528
THYONE,529
HERMIPPE,530
AITNE,531
EURYDOME,532
EUANTHE,533
EUPORIE,534
ORTHOSIE,535
SPONDE,536
KALE,537
PASITHEE,538
HEGEMONE,539
MNEME,540
AOEDE,541
THELXINOE,542
ARCHE,543
KALLICHORE,544
HELIKE,545
CARPO,546
EUKELADE,547
CYLLENE,548
KORE,549
HERSE,550
DIA,553
SATURN,699
MIMAS,601
ENCELADUS,602
TETHYS,603
DIONE,604
RHEA,605
TITAN,606
HYPERION,607
IAPETUS,608
PHOEBE,609
JANUS,610
EPIMETHEUS,611
HELENE,612
TELESTO,613
CALYPSO,614
ATLAS,615
PROMETHEUS,616
PANDORA,617
PAN,618
YMIR,619
PAALIAQ,620
TARVOS,621
IJIRAQ,622
SUTTUNGR,623
KIVIUQ,624
MUNDILFARI,625
ALBIORIX,626
SKATHI,627
ERRIAPUS,628
SIARNAQ,629
THRYMR,630
NARVI,631
METHONE,632
PALLENE,633
POLYDEUCES,634
DAPHNIS,635
AEGIR,636
BEBHIONN,637
BERGELMIR,638
BESTLA,639
FARBAUTI,640
FENRIR,641
FORNJOT,642
HATI,643
HYRROKKIN,644
KARI,645
LOGE,646
SKOLL,647
SURTUR,648
ANTHE,649
JARNSAXA,650
GREIP,651
TARQEQ,652
AEGAEON,653
URANUS,799
ARIEL,701
UMBRIEL,702
TITANIA,703
OBERON,704
MIRANDA,705
CORDELIA,706
OPHELIA,707
BIANCA,708
CRESSIDA,709
DESDEMONA,710
JULIET,711
PORTIA,712
ROSALIND,713
BELINDA,714
PUCK,715
CALIBAN,716
SYCORAX,717
PROSPERO,718
SETEBOS,719
STEPHANO,720
TRINCULO,721
FRANCISCO,722
MARGARET,723
FERDINAND,724
PERDITA,725
MAB,726
CUPID,727
NEPTUNE,899
TRITON,801
NEREID,802
NAIAD,803
THALASSA,804
DESPINA,805
GALATEA,806
LARISSA,807
PROTEUS,808
HALIMEDE,809
PSAMATHE,810
SAO,811
LAOMEDEIA,812
NESO,813
PLUTO,999
CHARON,901
NIX,902
HYDRA,903
KERBEROS,904
STYX,905
GEOTAIL,-1
MOM,-3
MARS ORBITER MISSION,-3
AKATSUKI,-5
VCO,-5
PLC,-5
PLANET-C,-5
P6,-6
PIONEER-6,-6
P7,-7
PIONEER-7,-7
WIND,-8
VENUS ORBITER,-12
P12,-12
PIONEER 12,-12
LADEE,-12
POLAR,-13
MGN,-18
MAGELLAN,-18
LCROSS,-18
P8,-20
PIONEER-8,-20
SOHO,-21
P10,-23
PIONEER-10,-23
P11,-24
PIONEER-11,-24
LP,-25
LUNAR PROSPECTOR,-25
VK1,-27
VIKING 1 ORBITER,-27
JUPITER ICY MOONS EXPLORER,-28
JUICE,-28
STARDUST,-29
SDU,-29
NEXT,-29
VK2,-30
VIKING 2 ORBITER,-30
DS-1,-30
VG1,-31
VOYAGER 1,-31
VG2,-32
VOYAGER 2,-32
NEOS,-33
NEO SURVEYOR,-33
HYB2,-37
HAYABUSA 2,-37
HAYABUSA2,-37
LUNAR POLAR HYDROGEN MAPPER,-39
LUNAH-MAP,-39
CLEMENTINE,-40
MEX,-41
MARS EXPRESS,-41
IMAP,-43
BEAGLE2,-44
BEAGLE 2,-44
JNSA,-45
JANUS_A,-45
MS-T5,-46
SAKIGAKE,-46
PLANET-A,-47
SUISEI,-47
GNS,-47
GENESIS,-47
HUBBLE SPACE TELESCOPE,-48
HST,-48
LUCY,-49
MARS PATHFINDER,-53
MPF,-53
MARS ODYSSEY,-53
MARS SURVEYOR 01 ORBITER,-53
ULYSSES,-55
LUNAR ICECUBE,-57
VSOP,-58
HALCA,-58
RADIOASTRON,-59
JUNO,-61
EMM,-62
EMIRATES MARS MISSION,-62
ORX,-64
OSIRIS-REX,-64
MCOA,-65
MARCO-A,-65
VEGA 1,-66
MCOB,-66
MARCO-B,-66
VEGA 2,-67
MERCURY MAGNETOSPHERIC ORBITER,-68
MMO,-68
BEPICOLOMBO MMO,-68
DEEP IMPACT IMPACTOR SPACECRAFT,-70
JNSB,-72
JANUS_B,-72
MRO,-74
MARS RECON ORBITER,-74
CURIOSITY,-76
MSL,-76
MARS SCIENCE LABORATORY,-76
GLL,-77
GALILEO ORBITER,-77
GIOTTO,-78
SPITZER,-79
SPACE INFRARED TELESCOPE FACILITY,-79
SIRTF,-79
CASSINI ITL,-81
CAS,-82
CASSINI,-82
PHOENIX,-84
LRO,-85
LUNAR RECON ORBITER,-85
LUNAR RECONNAISSANCE ORBITER,-85
CH1,-86
CHANDRAYAAN-1,-86
CASSINI SIMULATION,-90
NEAR EARTH ASTEROID RENDEZVOUS,-93
NEAR,-93
MO,-94
MARS OBSERVER,-94
MGS,-94
MARS GLOBAL SURVEYOR,-94
MGS SIMULATION,-95
PARKER SOLAR PROBE,-96
SPP,-96
SOLAR PROBE PLUS,-96
TOPEX/POSEIDON,-97
NEW HORIZONS,-98
TROPICAL RAINFALL MEASURING MISSION,-107
TRMM,-107
ICE,-112
MARS POLAR LANDER,-116
MPL,-116
EDL DEMONSTRATOR MODULE,-117
EDM,-117
EXOMARS 2016 EDM,-117
MARS_ORBITER_MISSION_2,-119
MOM2,-119
MERCURY PLANETARY ORBITER,-121
MPO,-121
BEPICOLOMBO MPO,-121
MARS CLIMATE ORBITER,-127
MCO,-127
MUSES-C,-130
HAYABUSA,-130
SELENE,-131
KAGUYA,-131
DART,-135
DOUBLE ASTEROID REDIRECTION TEST,-135
EPOCH,-140
DIXI,-140
EPOXI,-140
DEEP IMPACT FLYBY SPACECRAFT,-140
TERRA,-142
EOS-AM1,-142
TRACE GAS ORBITER,-143
TGO,-143
EXOMARS 2016 TGO,-143
SOLO,-144
SOLAR ORBITER,-144
LUNAR-A,-146
DFLY,-148
DRAGONFLY,-148
CASSINI PROBE,-150
HUYGENS PROBE,-150
CASP,-150
AXAF,-151
CHANDRA,-151
CH2O,-152
CHANDRAYAAN-2 ORBITER,-152
CH2L,-153
CHANDRAYAAN-2 LANDER,-153
AQUA,-154
KPLO,-155
KOREAN PATHFINDER LUNAR ORBITER,-155
ADITYA,-156
ADIT,-156
EURC,-159
EUROPA CLIPPER,-159
LUNAR FLASHLIGHT,-164
MAP,-165
IMAGE,-166
PERSEVERANCE,-168
MARS 2020,-168
MARS2020,-168
M2020,-168
JWST,-170
JAMES WEBB SPACE TELESCOPE,-170
EXM RSP SCC,-172
EXM SPACECRAFT COMPOSITE,-172
EXOMARS SCC,-172
EXM RSP SP,-173
EXM SURFACE PLATFORM,-173
EXOMARS SP,-173
EXM RSP RM,-174
EXM ROVER,-174
EXOMARS ROVER,-174
GRAIL-A,-177
PLANET-B,-178
NOZOMI,-178
GRAIL-B,-181
CLUSTER 1,-183
CLUSTER 2,-185
MUSES-B,-188
NSYT,-189
INSIGHT,-189
SIM,-190
CLUSTER 3,-194
CLUSTER 4,-196
EXOMARS_LARA,-197
LARA,-197
INTEGRAL,-198
NASA-ISRO SAR MISSION,-198
NISAR,-198
CONTOUR,-200
MAVEN,-202
DAWN,-203
SOIL MOISTURE ACTIVE AND PASSIVE,-205
SMAP,-205
LICIA,-210
LICIACUBE,-210
STV51,-212
STV52,-213
STV53,-214
ROSETTA,-226
KEPLER,-227
GLL PROBE,-228
GALILEO PROBE,-228
STEREO AHEAD,-234
STEREO BEHIND,-235
MESSENGER,-236
SMART1,-238
SM1,-238
S1,-238
SMART-1,-238
MARTIAN MOONS EXPLORATION,-239
MMX,-239
SMART LANDER FOR INVESTIGATING MOON,-240
SLIM,-240
LUNAR TRAILBLAZER,-242
VIPER,-243
VEX,-248
VENUS EXPRESS,-248
OPPORTUNITY,-253
MER-1,-253
SPIRIT,-254
MER-2,-254
PSYC,-255
HELIOS 1,-301
HELIOS 2,-302
RADIATION BELT STORM PROBE A,-362
RBSP_A,-362
RADIATION BELT STORM PROBE B,-363
RBSP_B,-363
RSAT,-500
SELENE Relay Satellite,-500
SELENE Rstar,-500
Rstar,-500
VSAT,-502
SELENE VLBI Radio Satellite,-502
SELENE VRAD Satellite,-502
SELENE Vstar,-502
Vstar,-502
MARS-96,-550
M96,-550
MARS 96,-550
MARS96,-550
MERCURY TRANSFER MODULE,-652
MTM,-652
BEPICOLOMBO MTM,-652
SPRINT-A,-750